{
  "cv_mae": 0.058029768673490675,
  "cv_rmse": 0.07629650311640111,
  "cv_r2": 0.9561736839799467,
  "test_mae": 0.052652149249480154,
  "test_rmse": 0.06719326711122035,
  "test_r2": 0.9670525039958401
}