{
  "away_sp_fi_era": 8.061872482299805,
  "home_sp_fi_era": 7.1654133796691895,
  "away_lineup_vs_home_sp": 6.58736515045166,
  "away_sp_fi_hr_per_9": 6.545532703399658,
  "away_hr_threat": 6.322493076324463,
  "is_dome": 6.266674518585205,
  "altitude_ft": 6.222799777984619,
  "home_top3_wrc_plus": 6.156966686248779,
  "away_sp_swstr_pct": 5.956667900085449,
  "hr_environment": 5.858575344085693,
  "away_sp_stuff_plus": 5.788214206695557,
  "ump_total_run_impact": 5.732046604156494,
  "home_sp_location_plus": 5.711663246154785,
  "away_top3_iso": 5.700188636779785,
  "away_top3_k_pct": 5.666086673736572,
  "away_sp_is_lhp": 5.62678337097168,
  "home_sp_fi_whiff_pct": 5.545342445373535,
  "away_top3_bb_pct": 5.4695844650268555,
  "away_top3_wrc_plus": 5.468200206756592,
  "alt_carry_factor": 5.419710159301758,
  "home_top3_iso": 5.417410850524902,
  "ump_favor": 5.407699108123779,
  "home_sp_fi_k_pct": 5.385636329650879,
  "home_lineup_vs_away_sp": 5.375166416168213,
  "home_sp_stuff_plus": 5.33298921585083,
  "ump_overall_accuracy": 5.328729629516602,
  "home_hr_threat": 5.3140339851379395,
  "home_sp_fi_hr_per_9": 5.299076080322266,
  "away_sp_fi_fstrike_pct": 5.283168792724609,
  "away_top3_obp": 5.274314880371094,
  "away_sp_f_strike_pct": 5.235814571380615,
  "home_sp_fi_fstrike_pct": 5.10326623916626,
  "home_sp_f_strike_pct": 5.0796895027160645,
  "away_sp_fi_whiff_pct": 5.047093868255615,
  "away_sp_location_plus": 5.034031391143799,
  "home_sp_fi_bb_pct": 5.0336737632751465,
  "away_sp_fi_k_pct": 4.996084690093994,
  "home_top3_k_pct": 4.931979656219482,
  "home_sp_is_lhp": 4.918108940124512,
  "home_top3_obp": 4.904698371887207,
  "home_top3_bb_pct": 4.880852222442627,
  "away_sp_fi_bb_pct": 4.843193531036377,
  "combined_fi_bb_pct": 4.728358268737793,
  "home_sp_swstr_pct": 4.575625896453857,
  "hr_park_factor": 4.370030879974365
}