{
  "log_loss": 0.702728267669223,
  "brier_score": 0.2545817215441789,
  "roc_auc": 0.5214326129666012,
  "accuracy": 0.5101410934744268,
  "n_test": 2268
}