{
  "cv_mae": 1.9324631119994364,
  "cv_rmse": 2.730801366157114,
  "cv_r2": -0.13747615152600412,
  "test_mae": 1.4876245930883552,
  "test_rmse": 2.164265543843082,
  "test_r2": 0.09760723282814521
}