{
  "cv_mae": 3.512133967704248,
  "cv_rmse": 4.418826356734776,
  "cv_corr": 0.131608021815888,
  "test_mae": 3.689232833508024,
  "test_rmse": 4.681859326423133,
  "test_corr": 0.028215425067996885
}